time;gFx;gFy;gFz;TgF
0.002000;-0.1222;0.4036;1.4121;1.474
0.007000;-0.0635;0.3865;1.4033;1.457
0.017000;-0.0308;0.3831;1.2596;1.317
0.022000;-0.0909;0.3738;1.0701;1.137
0.039000;-0.0992;0.3362;0.8761;0.944
0.043000;-0.1954;0.1964;0.7104;0.763
0.052000;-0.3958;0.1832;0.7319;0.852
0.063000;-0.5844;0.3635;0.9797;1.197
0.075000;-0.4608;0.4095;1.1688;1.321
0.087000;-0.0557;0.2580;1.2846;1.311
0.133000;0.2897;0.1744;1.2567;1.301
0.134000;0.3704;0.2805;1.1829;1.271
0.134000;0.3665;0.3797;1.0720;1.195
0.135000;0.3494;0.3977;0.9811;1.115
0.145000;0.2287;0.3777;0.9860;1.080
0.146000;0.1085;0.3699;0.9860;1.059
0.153000;0.0264;0.3738;1.0847;1.148
0.164000;0.0855;0.3059;1.0598;1.106
0.173000;0.1862;0.2731;0.9298;0.987
0.184000;0.3630;0.2790;0.7539;0.882
0.194000;0.4642;0.3264;0.7784;0.963
0.207000;0.4837;0.3362;0.7544;0.957
0.216000;0.5194;0.3464;0.7295;0.960
0.269000;0.3381;0.4266;0.7598;0.935
0.270000;0.1617;0.5033;0.7285;0.900
0.270000;0.0410;0.5184;0.6762;0.853
0.271000;-0.1173;0.5189;0.6674;0.854
0.271000;-0.2653;0.4832;0.7569;0.936
0.282000;-0.1202;0.4143;0.7823;0.893
0.286000;0.0958;0.3645;0.8121;0.895
0.295000;0.1686;0.4222;0.8096;0.929
0.306000;0.2619;0.5135;0.7578;0.952
0.317000;0.2946;0.5614;0.7994;1.020
0.326000;0.3220;0.5326;0.8008;1.014
0.335000;0.3078;0.4867;0.8272;1.008
0.346000;0.2785;0.4725;0.7642;0.941
0.360000;0.2028;0.4363;0.7916;0.926
0.369000;0.1476;0.3943;0.8287;0.930
0.375000;0.1871;0.4026;0.8771;0.983
0.425000;0.1979;0.4183;0.8477;0.966
0.426000;0.1534;0.4598;0.7144;0.863
0.426000;0.2101;0.5042;0.6723;0.866
0.427000;0.1647;0.4178;0.8135;0.929
0.437000;0.3156;0.5257;0.8893;1.080
0.438000;0.1432;0.5668;0.8482;1.030
0.450000;0.1974;0.4349;0.7847;0.919
0.462000;0.3029;0.4681;0.8546;1.020
0.468000;0.2003;0.5507;0.7681;0.966
0.477000;0.1524;0.5018;0.7144;0.886
0.492000;0.1876;0.5218;0.7911;0.966
0.499000;0.2331;0.5135;0.9640;1.117
0.512000;0.1705;0.4285;1.0613;1.157
0.555000;-0.0523;0.4886;0.9846;1.100
0.556000;0.0889;0.3997;0.8795;0.970
0.556000;0.3855;0.3582;0.9342;1.072
0.557000;0.4432;0.3709;0.7613;0.956
0.567000;0.5414;0.2467;0.7964;0.994
0.579000;0.3582;0.3469;0.8424;0.979
0.581000;0.2472;0.4329;0.7637;0.912
0.589000;0.3098;0.4427;0.7642;0.936
0.610000;0.3899;0.4652;0.8517;1.046
0.616000;0.3865;0.4642;0.8228;1.021
0.642000;0.3244;0.4368;0.8414;1.002
0.671000;0.2946;0.4393;0.8389;0.992
0.672000;0.3586;0.4310;0.8595;1.026
0.673000;0.3621;0.4319;0.8849;1.049
0.673000;0.3498;0.3801;0.9357;1.069
0.674000;0.2863;0.3826;0.9069;1.025
0.681000;0.2502;0.3938;0.8389;0.960
0.692000;0.1969;0.3855;0.7759;0.889
0.715000;-0.0103;0.3718;0.7407;0.829
0.717000;-0.0371;-0.0020;0.7295;0.730
0.722000;-0.3059;0.3064;1.1292;1.209
0.730000;-0.0801;0.3313;1.2699;1.315
0.788000;0.2731;0.2160;1.1834;1.234
0.790000;0.4466;0.1857;1.1409;1.239
0.790000;0.4285;0.2717;1.0740;1.188
0.790000;0.4837;0.4295;1.0754;1.255
0.791000;0.4798;0.3586;0.8995;1.081
0.794000;0.4217;0.2878;0.5863;0.777
0.837000;0.2536;0.2511;0.3684;0.513
0.838000;0.0645;0.2893;0.3748;0.478
0.839000;-0.1212;0.2580;0.6347;0.696
0.839000;-0.1549;0.1524;0.9034;0.929
0.843000;0.0601;0.1319;1.0388;1.049
0.853000;0.1564;0.1652;0.8087;0.840
0.862000;0.1402;0.2008;0.8140;0.850
0.873000;0.0782;0.2213;0.7925;0.827
0.883000;-0.0357;0.2404;0.7525;0.791
0.896000;-0.1549;0.2565;0.7207;0.781
0.951000;-0.2218;0.2648;0.6733;0.757
0.954000;-0.2663;0.2336;0.5956;0.693
0.955000;-0.4652;0.1818;1.1341;1.239
0.956000;0.0596;0.1994;0.9533;0.976
0.956000;-0.0537;0.2169;1.2836;1.303
0.956000;0.0860;0.2966;0.5971;0.672
0.964000;0.1373;0.3367;0.7784;0.859
0.975000;0.2223;0.2233;0.1256;0.339
0.987000;0.2360;0.2726;0.1070;0.376
0.995000;0.1827;0.3836;0.2722;0.505
1.008000;0.1686;0.4588;0.4647;0.674
1.015000;0.3513;0.3342;0.3601;0.604
1.030000;0.6792;0.2560;0.4935;0.878
1.089000;0.6489;0.4295;0.7427;1.076
1.090000;0.4285;0.6674;1.0925;1.350
1.090000;0.2018;0.8258;1.1170;1.404
1.091000;-0.1847;0.8829;1.3588;1.631
1.091000;-0.2844;0.8785;1.1546;1.478
1.092000;-0.2345;0.8326;0.7808;1.165
1.096000;-0.5003;0.9714;0.5277;1.213
1.109000;-0.5771;0.9142;0.1388;1.090
1.117000;-0.2937;0.9254;0.1612;0.984
1.127000;-0.0332;1.0437;0.7402;1.280
1.139000;-0.2155;1.2274;1.4575;1.918
1.146000;-0.3728;1.1951;1.2201;1.748
1.163000;-0.2673;1.1306;0.7999;1.411
1.169000;-0.0083;1.0417;0.5521;1.179
1.227000;-0.0474;1.2684;0.5052;1.366
1.228000;-0.4847;1.4013;0.2780;1.509
1.229000;-0.4637;1.0984;-0.0103;1.192
1.229000;-0.1539;0.8556;-0.0396;0.870
1.230000;0.0425;0.8609;0.1881;0.882
1.233000;-0.2130;1.1502;0.6513;1.339
1.252000;-0.5668;1.4194;1.0271;1.841
1.260000;-0.1300;1.0710;0.7544;1.316
1.261000;0.5165;0.8238;0.6464;1.168
1.275000;0.6885;1.1150;0.5297;1.413
1.279000;0.0914;1.1189;0.3200;1.167
1.288000;-0.5668;1.2215;-0.1769;1.358
1.299000;-1.1209;1.4790;0.0684;1.857
1.308000;-0.7779;1.1712;0.6122;1.534
1.318000;-0.3396;1.0544;0.6709;1.295
1.328000;-0.4598;1.1380;0.4402;1.304
1.339000;-0.4158;1.0105;0.3020;1.134
1.351000;-0.3064;0.9841;0.4813;1.137
1.359000;-0.3635;1.0026;0.4134;1.144
1.371000;-0.4275;1.0324;0.3977;1.186
1.380000;-0.3811;1.0075;0.2990;1.118
1.391000;-0.3772;1.0021;0.3196;1.117
1.401000;-0.2736;1.0075;0.2937;1.085
1.416000;-0.2668;0.9323;0.1735;0.985
1.420000;-0.1925;0.7451;0.2023;0.796
1.435000;-0.1705;0.4813;0.4349;0.671
1.442000;-0.3068;0.2169;0.4466;0.584
1.457000;0.0269;0.5033;0.5736;0.764
1.462000;0.0093;0.9523;0.2165;0.977
1.471000;0.0679;1.0999;0.1275;1.109
1.481000;0.2057;0.9401;0.3836;1.036
1.492000;0.2209;0.7476;0.1925;0.803
1.501000;-0.1134;0.7608;-0.0366;0.770
1.511000;-0.2375;0.9069;-0.0845;0.941
1.522000;-0.0860;0.9127;-0.1959;0.937
1.532000;-0.1979;0.8995;-0.2130;0.945
1.542000;-0.1520;0.8463;-0.0464;0.861
1.552000;-0.1368;0.8648;-0.0249;0.876
1.564000;-0.0567;1.0163;0.0103;1.018
1.572000;0.0166;1.0749;-0.0039;1.075
1.583000;0.0679;1.1004;0.0195;1.103
1.593000;0.0997;1.2777;0.1437;1.290
1.603000;0.1305;1.2880;0.1309;1.301
1.613000;0.0616;1.2596;0.1612;1.271
1.623000;0.0894;1.2763;0.2448;1.303
1.633000;0.1104;1.2767;0.1891;1.295
1.646000;0.1930;1.2797;0.2345;1.315
1.653000;0.2057;1.2352;0.2595;1.279
1.664000;0.2038;1.1751;0.3709;1.249
1.673000;0.1515;1.1649;0.4847;1.271
1.685000;0.2248;1.3114;0.3508;1.376
1.693000;-0.1627;1.1253;0.1368;1.145
1.704000;-0.0347;0.7876;0.0396;0.789
1.714000;0.0914;0.6938;0.2614;0.747
1.724000;0.3411;0.9587;1.1204;1.513
1.734000;0.8986;1.1096;0.1080;1.432
1.744000;1.0676;1.4307;-2.1597;2.802
1.755000;0.5775;0.8648;-0.1158;1.046
1.765000;0.4696;0.7578;-0.1417;0.903
1.775000;0.2614;0.8507;0.2844;0.934
1.786000;0.1945;0.8492;0.3596;0.942
1.796000;0.1202;0.7735;0.7446;1.080
1.809000;0.4202;0.5741;2.2501;2.360
1.818000;0.1178;0.5023;1.0823;1.199
1.825000;-0.2570;0.9210;-0.2233;0.982
1.836000;-0.4222;1.4184;-1.5523;2.145
1.846000;-0.2599;1.1507;-2.0825;2.393
1.856000;0.3264;0.6630;-0.8653;1.138
1.866000;0.6616;0.7500;0.1153;1.007
1.876000;0.6152;0.9386;0.2106;1.142
1.886000;0.3323;1.0559;-0.0894;1.111
1.896000;-0.0161;0.9157;-0.1148;0.923
1.906000;-0.8331;-0.6919;1.8215;2.119
1.916000;0.1925;0.5771;-0.2194;0.647
1.926000;0.4441;0.6069;-0.1480;0.766
1.937000;-0.0635;0.8986;-0.1583;0.915
1.947000;-0.0880;1.1082;-0.1261;1.119
1.957000;0.0733;1.4140;-0.0254;1.416
1.967000;0.1749;1.4785;-0.1534;1.497
1.977000;0.2277;1.4976;-0.1060;1.519
1.987000;0.2590;1.4688;-0.3283;1.527
1.998000;0.2272;1.3007;-0.4490;1.395
2.008000;0.1823;1.1497;-0.1935;1.180
2.018000;0.1935;1.0447;-0.0103;1.062
2.028000;0.2536;0.8629;-0.0831;0.903
2.040000;0.2336;0.8780;-0.1138;0.916
2.048000;0.2790;0.7417;-0.0772;0.796
2.059000;0.4593;0.9210;0.1407;1.039
2.070000;0.4940;1.1849;0.0093;1.284
2.079000;0.3498;1.4829;-0.1691;1.533
2.089000;0.2751;1.4497;-0.2648;1.499
2.099000;0.2868;0.9860;-0.3049;1.071
2.109000;0.1710;0.8824;-0.1798;0.917
2.119000;0.2311;0.8536;-0.1163;0.892
2.130000;-0.1578;0.9484;-0.1886;0.980
2.140000;0.1906;0.9816;-0.4163;1.083
2.150000;0.2795;0.9924;-0.0899;1.035
2.160000;0.3186;0.9504;0.2345;1.029
2.170000;0.1197;0.9142;0.0425;0.923
2.181000;0.0347;0.9435;-0.0840;0.948
2.191000;-0.0674;1.0657;-0.0923;1.072
2.201000;-0.0708;0.7007;-0.2184;0.737
2.211000;-0.2419;0.2604;-0.3396;0.492
2.221000;0.3904;-0.2570;-0.2106;0.513
2.231000;0.4788;0.0083;0.1148;0.492
2.242000;0.4031;0.3279;0.0958;0.528
2.251000;0.3430;0.7691;0.0596;0.844
2.262000;0.3479;0.9963;-0.0024;1.055
2.272000;0.1652;0.9958;-0.1368;1.019
2.282000;0.1231;1.1258;-0.2409;1.158
2.292000;0.1945;0.7016;-0.1568;0.745
2.302000;0.5345;0.1759;-0.2067;0.599
2.313000;0.3709;0.4788;-0.2800;0.667
2.322000;0.3826;0.3445;0.2424;0.569
2.333000;0.8077;0.9039;0.0547;1.213
2.343000;0.9010;-0.0308;-0.0029;0.902
2.353000;0.6152;0.3753;-0.2311;0.757
2.363000;0.1480;1.9007;-1.3290;2.324
2.373000;-0.2228;2.7328;0.2541;2.754
2.383000;-0.8995;3.6333;1.2357;3.942
2.393000;-0.3254;2.9361;0.9733;3.110
2.404000;0.2585;1.5074;0.3230;1.563
2.415000;0.4710;0.8692;-0.6489;1.183
2.424000;0.4867;1.0578;-0.4476;1.247
2.434000;0.5648;1.1473;-0.1798;1.291
2.444000;0.5663;1.1815;-0.1730;1.322
2.454000;0.6406;1.1951;-0.2673;1.382
2.464000;0.6415;1.2797;-0.2541;1.454
2.474000;0.5751;1.3823;-0.1270;1.503
2.484000;0.5145;1.4028;-0.0616;1.495
2.495000;0.2121;1.3627;0.0445;1.380
2.505000;-2.2442;0.7505;1.7316;2.932
2.515000;-0.0772;0.6880;0.7735;1.038
2.525000;0.9865;0.5678;-0.8170;1.401
2.535000;1.0163;0.1959;-0.8121;1.316
2.545000;0.6943;0.0708;-1.6178;1.762
2.555000;0.1055;0.6885;-0.0562;0.699
2.566000;0.2839;1.0398;0.6806;1.275
2.576000;0.6015;1.2396;0.3088;1.412
2.586000;0.4583;1.3197;-0.0293;1.397
2.596000;0.2746;1.1536;-0.0195;1.186
2.606000;0.2976;0.9513;-0.0684;0.999
2.616000;0.3342;0.8507;-0.0880;0.918
2.627000;0.3435;0.8492;-0.1295;0.925
2.637000;0.3489;0.9171;-0.1524;0.993
2.647000;0.3484;0.9865;-0.1280;1.054
2.657000;0.3445;1.0236;-0.0933;1.084
2.667000;0.3484;1.0090;-0.0777;1.070
2.677000;0.3450;0.9694;-0.0806;1.032
2.687000;0.3362;0.9489;-0.0860;1.010
2.697000;0.3327;0.9289;-0.0919;0.991
2.708000;0.3171;0.9328;-0.0870;0.989
2.718000;0.3039;0.9440;-0.0860;0.995
2.728000;0.3020;0.9631;-0.0738;1.012
2.738000;0.2956;0.9836;-0.0655;1.029
2.748000;0.2844;1.0065;-0.0596;1.048
2.758000;0.2814;1.0280;-0.0665;1.068
2.769000;0.2883;1.0363;-0.0733;1.078
2.779000;0.2990;1.0310;-0.0860;1.077
2.789000;0.3342;1.0153;-0.0958;1.073
2.799000;0.3450;0.9723;-0.0772;1.035
2.809000;0.3362;0.9494;-0.0699;1.010
2.819000;0.3283;0.9347;-0.0518;0.992
2.829000;0.3220;0.9337;-0.0591;0.989
2.839000;0.3249;0.9596;-0.0816;1.016
2.850000;0.3230;0.9670;-0.0987;1.024
2.860000;0.3420;0.9748;-0.0987;1.038
2.870000;0.3362;0.9748;-0.0875;1.035
2.880000;0.3430;0.9723;-0.0826;1.034
2.890000;0.3498;0.9596;-0.0831;1.025
2.900000;0.3503;0.9557;-0.0865;1.022
2.910000;0.3435;0.9582;-0.0875;1.022
2.920000;0.3450;0.9582;-0.0860;1.022
2.931000;0.3391;0.9684;-0.0860;1.030
2.941000;0.3240;0.9748;-0.0928;1.031
2.951000;0.3303;0.9631;-0.0870;1.022
2.961000;0.3303;0.9547;-0.0875;1.014
2.971000;0.3337;0.9464;-0.0953;1.008
2.982000;0.3450;0.9435;-0.1134;1.011
2.992000;0.3611;0.9455;-0.1124;1.018
3.002000;0.3689;0.9601;-0.0889;1.032
3.012000;0.3601;0.9533;-0.0762;1.022
3.022000;0.3479;0.9245;-0.0777;0.991
3.032000;0.3205;0.9010;-0.0870;0.960
3.042000;0.3401;0.8888;-0.1148;0.959
3.052000;0.3450;0.8995;-0.1138;0.970
3.064000;0.3435;0.9083;-0.0899;0.975
3.072000;0.3103;0.9127;-0.0684;0.966
3.083000;0.2726;0.9044;-0.0704;0.947
3.093000;0.2639;0.8927;-0.0630;0.933
3.103000;0.2712;0.8986;-0.0801;0.942
3.113000;0.2770;0.9044;-0.0953;0.951
3.123000;0.2883;0.9166;-0.1163;0.968
3.134000;0.3352;0.9313;-0.1500;1.001
3.144000;0.3655;0.9572;-0.1568;1.037
3.154000;0.3968;0.9728;-0.1485;1.061
3.164000;0.4090;0.9802;-0.1402;1.071
3.174000;0.4051;0.9811;-0.1358;1.070
3.184000;0.3767;0.9777;-0.1143;1.054
3.194000;0.3518;0.9469;-0.1007;1.015
3.204000;0.3230;0.9303;-0.0880;0.989
3.215000;0.3103;0.9259;-0.1002;0.982
3.225000;0.3156;0.9513;-0.1202;1.010
3.235000;0.3196;0.9846;-0.1207;1.042
3.245000;0.3235;1.0222;-0.1231;1.079
3.255000;0.3367;1.0427;-0.1031;1.101
3.265000;0.3191;1.0285;-0.0860;1.080
3.275000;0.3010;1.0148;-0.0665;1.061
3.285000;0.2868;1.0065;-0.0591;1.048
3.296000;0.2692;0.9894;-0.0586;1.027
3.305000;0.2511;0.9562;-0.0537;0.990
3.316000;0.2541;0.9401;-0.0542;0.975
3.326000;0.2668;0.9362;-0.0645;0.976
3.336000;0.2814;0.9567;-0.0938;1.002
3.346000;0.3156;0.9777;-0.1212;1.035
3.356000;0.3528;0.9792;-0.1290;1.049
3.366000;0.3899;0.9572;-0.1324;1.042
3.376000;0.3899;0.9347;-0.1217;1.020
3.387000;0.3836;0.9230;-0.0987;1.004
3.397000;0.3748;0.9176;-0.0801;0.994
3.407000;0.3699;0.9088;-0.0752;0.984
3.418000;0.3616;0.9147;-0.0782;0.987
3.427000;0.3498;0.9391;-0.0801;1.005
3.437000;0.3264;0.9591;-0.0708;1.016
3.448000;0.3181;0.9714;-0.0699;1.025
3.458000;0.2917;0.9841;-0.0625;1.028
3.468000;0.2780;0.9904;-0.0552;1.030
3.478000;0.2697;0.9899;-0.0430;1.027
3.488000;0.2472;0.9943;-0.0469;1.026
3.498000;0.2380;1.0017;-0.0562;1.031
3.509000;0.2404;0.9865;-0.0616;1.017
3.519000;0.2370;0.9601;-0.0689;0.991
3.529000;0.2370;0.9386;-0.0723;0.971
3.539000;0.2287;0.9328;-0.0660;0.963
3.549000;0.2243;0.9376;-0.0796;0.967
3.559000;0.2248;0.9494;-0.0806;0.979
3.574000;0.2370;0.9499;-0.0782;0.982
3.579000;0.2375;0.9675;-0.0650;0.998
3.589000;0.2277;0.9743;-0.0718;1.003
3.600000;0.2262;0.9924;-0.0796;1.021
3.610000;0.2184;1.0041;-0.0811;1.031
3.620000;0.2262;1.0061;-0.0826;1.034
3.630000;0.2350;0.9953;-0.0743;1.025
3.640000;0.2360;0.9836;-0.0801;1.015
3.652000;0.2502;0.9787;-0.0840;1.014
3.661000;0.2560;0.9762;-0.0811;1.013
3.673000;0.2663;0.9792;-0.0811;1.018
3.681000;0.2761;0.9806;-0.0738;1.021
3.697000;0.2756;0.9855;-0.0816;1.027
3.702000;0.2790;0.9904;-0.0919;1.033
3.716000;0.2839;0.9904;-0.1026;1.035
3.724000;0.2863;0.9987;-0.1070;1.044
3.735000;0.2819;0.9963;-0.1143;1.042
3.742000;0.2829;0.9841;-0.1231;1.031
3.753000;0.2834;0.9802;-0.1290;1.028
3.762000;0.2897;0.9802;-0.1290;1.030
3.771000;0.2995;0.9762;-0.1192;1.028
3.782000;0.3098;0.9684;-0.1246;1.024
3.793000;0.3083;0.9738;-0.1266;1.029
3.802000;0.3039;0.9640;-0.1226;1.018
3.812000;0.3176;0.9635;-0.1241;1.022
3.822000;0.3161;0.9694;-0.1314;1.028
3.832000;0.3073;0.9675;-0.1295;1.023
3.843000;0.3020;0.9587;-0.1353;1.014
3.852000;0.3108;0.9631;-0.1437;1.022
3.863000;0.3122;0.9675;-0.1412;1.026
3.873000;0.3186;0.9626;-0.1451;1.024
3.883000;0.3205;0.9621;-0.1388;1.024
3.893000;0.3235;0.9587;-0.1388;1.021
3.903000;0.3313;0.9557;-0.1353;1.021
3.913000;0.3327;0.9582;-0.1339;1.023
3.923000;0.3342;0.9557;-0.1305;1.021
3.935000;0.3279;0.9464;-0.1246;1.009
3.944000;0.3142;0.9401;-0.1212;0.999
3.954000;0.3059;0.9489;-0.1109;1.003
3.964000;0.2961;0.9552;-0.1051;1.006
3.974000;0.2937;0.9684;-0.1143;1.018
3.984000;0.2956;0.9699;-0.1212;1.021
3.994000;0.2839;0.9723;-0.1246;1.021
4.004000;0.2937;0.9631;-0.1138;1.013
4.014000;0.2907;0.9518;-0.1094;1.001
4.024000;0.2839;0.9499;-0.1217;0.999
4.035000;0.2868;0.9469;-0.1192;0.997
4.045000;0.2863;0.9504;-0.1217;1.000
4.055000;0.2824;0.9494;-0.1060;0.996
4.065000;0.2775;0.9528;-0.1060;0.998
4.075000;0.2751;0.9665;-0.1060;1.010
4.085000;0.2746;0.9582;-0.0992;1.002
4.096000;0.2717;0.9621;-0.1011;1.005
4.106000;0.2658;0.9626;-0.1158;1.005
4.116000;0.2697;0.9743;-0.1202;1.018
4.126000;0.2702;0.9782;-0.1163;1.021
4.137000;0.2629;0.9826;-0.1143;1.024
4.147000;0.2624;0.9875;-0.1021;1.027
4.157000;0.2575;0.9909;-0.0953;1.028
4.167000;0.2570;0.9841;-0.0909;1.021
4.177000;0.2521;0.9806;-0.0943;1.017
4.187000;0.2521;0.9743;-0.0977;1.011
4.198000;0.2507;0.9704;-0.0938;1.007
4.209000;0.2511;0.9777;-0.1055;1.015
4.218000;0.2599;0.9855;-0.1104;1.025
4.228000;0.2673;0.9792;-0.1119;1.021
4.238000;0.2726;0.9792;-0.1080;1.022
4.248000;0.2780;0.9694;-0.1041;1.014
4.258000;0.2800;0.9704;-0.1129;1.016
4.269000;0.2834;0.9645;-0.1182;1.012
4.279000;0.2819;0.9635;-0.1241;1.012
4.289000;0.2795;0.9562;-0.1134;1.003
4.299000;0.2761;0.9504;-0.1114;0.996
4.309000;0.2775;0.9460;-0.1168;0.993
4.320000;0.2785;0.9494;-0.1261;0.997
4.329000;0.2819;0.9504;-0.1397;1.001
4.340000;0.2927;0.9474;-0.1407;1.002
4.350000;0.2966;0.9499;-0.1397;1.005
4.360000;0.3010;0.9499;-0.1324;1.005
4.370000;0.2941;0.9596;-0.1226;1.011
4.380000;0.2897;0.9670;-0.1212;1.017
4.390000;0.2858;0.9782;-0.1251;1.027
4.400000;0.2761;0.9748;-0.1275;1.021
4.410000;0.2805;0.9850;-0.1305;1.032
4.421000;0.2839;0.9870;-0.1378;1.036
4.431000;0.2839;0.9846;-0.1417;1.034
4.441000;0.2863;0.9694;-0.1603;1.023
4.451000;0.2981;0.9606;-0.1652;1.019
4.461000;0.3171;0.9464;-0.1730;1.013
4.471000;0.3337;0.9381;-0.1681;1.010
4.481000;0.3318;0.9347;-0.1705;1.006
4.492000;0.3391;0.9401;-0.1652;1.013
4.502000;0.3303;0.9567;-0.1705;1.026
4.512000;0.3342;0.9655;-0.1686;1.036
4.522000;0.3396;0.9670;-0.1676;1.038
4.532000;0.3454;0.9631;-0.1676;1.037
4.542000;0.3445;0.9626;-0.1759;1.037
4.552000;0.3430;0.9401;-0.1867;1.018
4.562000;0.3498;0.9357;-0.1867;1.016
4.573000;0.3406;0.9406;-0.1735;1.015
4.583000;0.3445;0.9518;-0.1695;1.026
4.593000;0.3469;0.9572;-0.1705;1.032
4.603000;0.3391;0.9699;-0.1686;1.041
4.613000;0.3303;0.9689;-0.1666;1.037
4.624000;0.3205;0.9587;-0.1671;1.025
4.633000;0.3142;0.9562;-0.1612;1.019
4.644000;0.3005;0.9445;-0.1471;1.002
4.654000;0.2883;0.9440;-0.1544;0.999
4.664000;0.2844;0.9450;-0.1583;0.999
4.674000;0.2956;0.9494;-0.1695;1.009
4.684000;0.3073;0.9425;-0.1695;1.006
4.694000;0.3098;0.9205;-0.1691;0.986
4.704000;0.3132;0.8942;-0.1568;0.960
4.715000;0.3029;0.8859;-0.1402;0.947
4.725000;0.2814;0.9074;-0.1305;0.959
4.736000;0.2756;0.9337;-0.1422;0.984
4.745000;0.2780;0.9562;-0.1564;1.008
4.755000;0.2937;0.9640;-0.1710;1.022
4.765000;0.3020;0.9723;-0.1813;1.034
4.775000;0.3088;0.9772;-0.1876;1.042
4.786000;0.3156;0.9640;-0.2130;1.037
4.796000;0.3220;0.9543;-0.2150;1.030
4.806000;0.3259;0.9342;-0.2355;1.017
4.820000;0.3459;0.9245;-0.2384;1.015
4.826000;0.3508;0.9342;-0.2316;1.024
4.836000;0.3621;0.9450;-0.2287;1.037
4.846000;0.3586;0.9474;-0.2213;1.037
4.856000;0.3494;0.9464;-0.2199;1.033
4.867000;0.3430;0.9362;-0.2204;1.021
4.878000;0.3235;0.9328;-0.2316;1.014
4.887000;0.3347;0.9108;-0.2360;0.999
4.897000;0.3411;0.8976;-0.2438;0.991
4.907000;0.3430;0.8888;-0.2629;0.988
4.917000;0.3332;0.8844;-0.2634;0.981
4.927000;0.3220;0.8854;-0.2814;0.983
4.937000;0.3166;0.8800;-0.3068;0.984
4.948000;0.3572;0.8619;-0.3425;0.994
4.958000;0.3440;0.8678;-0.4051;1.018
4.968000;0.3743;0.8580;-0.2956;0.982
4.982000;0.3606;0.8604;-0.3196;0.986
4.991000;0.4031;0.8321;-0.2790;0.966
5.000000;0.3792;0.8517;-0.3166;0.985
5.009000;0.3797;0.8639;-0.3972;1.024
5.019000;0.4197;0.8819;-0.4119;1.060
5.029000;0.4241;0.9030;-0.3982;1.074
5.039000;0.4139;0.9122;-0.3303;1.055
5.052000;0.3689;0.9215;-0.3738;1.061
5.059000;0.3577;0.9303;-0.4974;1.114
5.071000;0.3977;0.9381;-0.5184;1.143
5.081000;0.4437;0.9381;-0.4334;1.125
5.093000;0.4554;0.9098;-0.3318;1.070
5.102000;0.4510;0.8453;-0.2883;1.001
5.112000;0.4134;0.7959;-0.3054;0.947
5.120000;0.3826;0.7715;-0.3059;0.914
5.130000;0.3728;0.7823;-0.2902;0.914
5.143000;0.3855;0.8062;-0.2756;0.935
5.152000;0.4016;0.8233;-0.3156;0.969
5.164000;0.4168;0.8380;-0.4051;1.020
5.172000;0.4559;0.8311;-0.4603;1.054
5.184000;0.4964;0.8355;-0.4358;1.065
5.191000;0.4955;0.8409;-0.4505;1.075
5.204000;0.4759;0.8477;-0.4940;1.090
5.212000;0.4539;0.8502;-0.4808;1.077
5.222000;0.4158;0.8717;-0.4466;1.064
5.232000;0.3880;0.8756;-0.4153;1.044
5.246000;0.3762;0.8873;-0.3992;1.043
5.252000;0.3689;0.9113;-0.3748;1.052
5.265000;0.3924;0.9176;-0.2946;1.041
5.272000;0.3547;0.9093;-0.2350;1.004
5.286000;0.3025;0.9098;-0.2585;0.993
5.296000;0.3469;0.8732;-0.2981;0.986
5.306000;0.3938;0.7994;-0.2810;0.934
5.314000;0.4314;0.7168;-0.3142;0.894
5.326000;0.4471;0.6396;-0.3479;0.854
5.337000;0.4656;0.5814;-0.3855;0.839
5.347000;0.4989;0.5702;-0.4222;0.867
5.354000;0.4999;0.6181;-0.4285;0.903
5.365000;0.5370;0.6811;-0.4246;0.966
5.375000;0.5526;0.7544;-0.4251;1.027
5.385000;0.6064;0.7862;-0.4422;1.087
5.394000;0.5883;0.8302;-0.3450;1.074
5.406000;0.6347;0.8121;-0.4041;1.107
5.414000;0.6078;0.8111;-0.4373;1.104
5.425000;0.5912;0.8209;-0.4060;1.090
5.435000;0.6029;0.8350;-0.4104;1.109
5.445000;0.5707;0.8629;-0.3840;1.104
5.455000;0.6029;0.8683;-0.4134;1.135
5.465000;0.6342;0.8399;-0.4759;1.155
5.478000;0.6147;0.8233;-0.4139;1.108
5.486000;0.6323;0.8038;-0.4334;1.111
5.497000;0.6010;0.8243;-0.4393;1.111
5.508000;0.5986;0.8311;-0.4226;1.108
5.517000;0.5741;0.8179;-0.4065;1.079
5.528000;0.5658;0.7715;-0.4256;1.047
5.539000;0.5819;0.7148;-0.4236;1.014
5.549000;0.5546;0.6821;-0.4407;0.983
5.559000;0.5047;0.6733;-0.4754;0.967
5.569000;0.5003;0.6572;-0.5047;0.968
5.580000;0.5223;0.6328;-0.5360;0.980
5.589000;0.5160;0.5888;-0.5585;0.962
5.600000;0.5424;0.5687;-0.5741;0.973
5.609000;0.5653;0.5761;-0.5399;0.971
5.620000;0.5858;0.5697;-0.5170;0.967
5.632000;0.5981;0.5497;-0.5556;0.984
5.640000;0.6000;0.5331;-0.5683;0.983
5.649000;0.6103;0.5272;-0.5375;0.969
5.661000;0.6288;0.5243;-0.5028;0.961
5.671000;0.6044;0.5453;-0.5140;0.963
5.680000;0.6054;0.5580;-0.5639;0.998
5.689000;0.6274;0.5624;-0.5927;1.030
5.699000;0.6455;0.5556;-0.6337;1.062
5.711000;0.6459;0.5536;-0.6401;1.065
5.719000;0.6704;0.5433;-0.6142;1.059
5.732000;0.6748;0.5575;-0.6235;1.075
5.742000;0.6660;0.5736;-0.6508;1.094
5.752000;0.6572;0.5683;-0.6733;1.099
5.761000;0.6547;0.5414;-0.6567;1.074
5.771000;0.6455;0.5253;-0.6200;1.038
5.783000;0.6347;0.5067;-0.5971;1.008
5.792000;0.6606;0.4583;-0.5932;0.999
5.803000;0.6543;0.4544;-0.5810;0.986
5.811000;0.6889;0.4314;-0.6015;1.011
5.823000;0.6723;0.4236;-0.6709;1.040
5.833000;0.6137;0.4226;-0.7021;1.024
5.843000;0.5893;0.4275;-0.6772;0.994
5.850000;0.5609;0.4270;-0.6303;0.946
5.864000;0.5541;0.3938;-0.6362;0.931
5.875000;0.5668;0.3684;-0.6714;0.953
5.884000;0.6059;0.3342;-0.6762;0.968
5.892000;0.6152;0.3112;-0.6914;0.976
5.905000;0.5805;0.3342;-0.6679;0.946
5.915000;0.5609;0.3655;-0.6753;0.951
5.924000;0.5580;0.3787;-0.6572;0.942
5.933000;0.5907;0.3797;-0.6464;0.954
5.942000;0.5942;0.3855;-0.6430;0.957
5.953000;0.5810;0.4046;-0.6415;0.955
5.964000;0.5634;0.4236;-0.6254;0.942
5.974000;0.5595;0.4393;-0.6059;0.934
5.984000;0.5687;0.4398;-0.6220;0.951
5.994000;0.5526;0.4183;-0.6440;0.946
6.004000;0.5736;0.3860;-0.6415;0.943
6.012000;0.5868;0.3640;-0.6655;0.959
6.024000;0.6117;0.3606;-0.6880;0.989
6.033000;0.6386;0.3479;-0.7139;1.019
6.044000;0.6352;0.3567;-0.7383;1.037
6.053000;0.6557;0.3586;-0.7241;1.041
6.064000;0.6714;0.3391;-0.6738;1.010
6.075000;0.6450;0.3518;-0.7119;1.023
6.086000;0.6455;0.3108;-0.7407;1.030
6.097000;0.6372;0.2707;-0.7622;1.030
6.105000;0.6083;0.2555;-0.7510;1.000
6.117000;0.5863;0.2731;-0.7481;0.989
6.127000;0.5736;0.3225;-0.7456;0.994
6.136000;0.5902;0.3484;-0.7803;1.039
6.146000;0.6332;0.3606;-0.7554;1.050
6.157000;0.6415;0.3484;-0.7608;1.054
6.167000;0.6200;0.3279;-0.7310;1.013
6.178000;0.6210;0.2951;-0.7124;0.990
6.185000;0.6181;0.2878;-0.7217;0.993
6.198000;0.6230;0.3010;-0.6826;0.972
6.207000;0.6039;0.3298;-0.6479;0.945
6.217000;0.5819;0.3225;-0.6435;0.926
6.227000;0.6010;0.2814;-0.6606;0.936
6.239000;0.6381;0.2360;-0.6391;0.933
6.249000;0.6777;0.2345;-0.6811;0.989
6.256000;0.6831;0.2624;-0.7148;1.023
6.265000;0.7016;0.3083;-0.7319;1.060
6.276000;0.7051;0.3176;-0.7422;1.072
6.286000;0.7026;0.2902;-0.7554;1.072
6.296000;0.6982;0.2448;-0.7495;1.053
6.307000;0.6782;0.1935;-0.7075;0.999
6.317000;0.6533;0.1783;-0.6499;0.939
6.327000;0.6406;0.2042;-0.6323;0.923
6.337000;0.6552;0.2292;-0.6440;0.947
6.349000;0.6616;0.2497;-0.6362;0.951
6.358000;0.6543;0.2209;-0.6357;0.939
6.370000;0.6552;0.1612;-0.6210;0.917
6.380000;0.6577;0.1295;-0.6318;0.921
6.391000;0.6919;0.1373;-0.6313;0.947
6.398000;0.7359;0.1940;-0.6406;0.995
6.410000;0.7549;0.2287;-0.6572;1.027
6.418000;0.7720;0.1871;-0.6782;1.044
6.429000;0.7637;0.1432;-0.6445;1.009
6.438000;0.7173;0.1378;-0.6489;0.977
6.449000;0.7021;0.1554;-0.6767;0.987
6.460000;0.6904;0.1534;-0.6880;0.987
6.470000;0.6635;0.1544;-0.6973;0.975
6.480000;0.6533;0.1290;-0.6973;0.964
6.491000;0.6132;0.1588;-0.6924;0.938
6.502000;0.5971;0.1495;-0.7036;0.935
6.511000;0.6064;0.1231;-0.7183;0.948
6.522000;0.6284;0.1192;-0.7593;0.993
6.533000;0.6596;0.1266;-0.7373;0.997
6.542000;0.6782;0.1344;-0.6997;0.984
6.550000;0.6557;0.1383;-0.6650;0.944
6.563000;0.6552;0.1373;-0.6733;0.949
6.572000;0.6606;0.1432;-0.6982;0.972
6.583000;0.7119;0.1334;-0.7016;1.008
6.591000;0.7466;0.1583;-0.6919;1.030
6.603000;0.7422;0.1906;-0.7060;1.042
6.614000;0.7300;0.1749;-0.6831;1.015
6.624000;0.7227;0.1529;-0.7075;1.023
6.631000;0.7275;0.1886;-0.7178;1.039
6.644000;0.7153;0.2052;-0.7134;1.031
6.654000;0.6806;0.2038;-0.7144;1.008
6.665000;0.6347;0.2106;-0.6885;0.960
6.673000;0.6059;0.1867;-0.7026;0.946
6.685000;0.6137;0.1544;-0.6958;0.941
6.695000;0.6161;0.1534;-0.6772;0.928
6.705000;0.6347;0.1300;-0.6968;0.951
6.715000;0.6386;0.1353;-0.6973;0.955
6.725000;0.6298;0.1305;-0.7246;0.969
6.736000;0.6288;0.1065;-0.7573;0.990
6.746000;0.6850;0.0816;-0.7896;1.049
6.756000;0.7354;0.1270;-0.7735;1.075
6.765000;0.7754;0.1867;-0.7383;1.087
6.776000;0.7745;0.2106;-0.7359;1.089
6.787000;0.7495;0.1788;-0.7349;1.065
6.796000;0.7280;0.1080;-0.7402;1.044
6.804000;0.6992;0.0743;-0.7031;0.994
6.816000;0.6875;0.0919;-0.6567;0.955
6.827000;0.6958;0.1173;-0.6533;0.962
6.836000;0.7100;0.1114;-0.6611;0.976
6.844000;0.6943;0.0836;-0.6748;0.972
6.857000;0.7329;0.0616;-0.6430;0.977
6.867000;0.7310;0.0733;-0.6347;0.971
6.877000;0.6963;0.1148;-0.6391;0.952
6.884000;0.6709;0.1378;-0.6440;0.940
6.898000;0.6816;0.1422;-0.6767;0.971
6.908000;0.6762;0.1744;-0.6865;0.979
6.918000;0.6855;0.2130;-0.6865;0.993
6.926000;0.6811;0.2248;-0.7192;1.016
6.937000;0.6596;0.2511;-0.7412;1.024
6.946000;0.6655;0.2365;-0.7872;1.058
6.957000;0.6748;0.2013;-0.8360;1.093
6.967000;0.7104;0.2077;-0.7740;1.071
6.975000;0.7026;0.1940;-0.7324;1.033
6.986000;0.7075;0.1534;-0.7124;1.016
6.998000;0.7183;0.1471;-0.6885;1.006
7.007000;0.7280;0.1500;-0.6714;1.002
7.016000;0.7109;0.1691;-0.6567;0.982
7.028000;0.6953;0.1754;-0.6547;0.971
7.040000;0.6875;0.1637;-0.6635;0.969
7.050000;0.6860;0.1549;-0.6655;0.968
7.058000;0.6777;0.1510;-0.6601;0.958
7.072000;0.6831;0.1300;-0.6723;0.967
7.079000;0.6670;0.1241;-0.6748;0.957
7.091000;0.6630;0.1236;-0.6801;0.958
7.097000;0.6582;0.1534;-0.6865;0.963
7.109000;0.6323;0.1959;-0.6958;0.960
7.119000;0.6196;0.2140;-0.7202;0.974
7.131000;0.6015;0.2223;-0.7686;1.001
7.138000;0.6020;0.2130;-0.7832;1.011
7.152000;0.6337;0.1637;-0.7925;1.028
7.161000;0.6787;0.1138;-0.7950;1.051
7.170000;0.7021;0.0748;-0.7994;1.067
7.178000;0.7344;0.0577;-0.8184;1.101
7.193000;0.7588;0.0391;-0.8135;1.113
7.200000;0.7652;0.0410;-0.7852;1.097
7.213000;0.7681;0.0611;-0.7642;1.085
7.223000;0.7686;0.0987;-0.7549;1.082
7.229000;0.7676;0.1407;-0.7407;1.076
7.242000;0.7705;0.1862;-0.7197;1.071
7.255000;0.7784;0.2121;-0.6899;1.062
7.263000;0.7715;0.2311;-0.6797;1.054
7.270000;0.7578;0.2575;-0.6738;1.046
7.281000;0.7412;0.2643;-0.6767;1.038
7.292000;0.7163;0.2678;-0.6748;1.020
7.302000;0.6953;0.2673;-0.6704;1.002
7.312000;0.6665;0.2795;-0.6806;0.993
7.323000;0.6455;0.2536;-0.6889;0.978
7.333000;0.5981;0.2726;-0.6836;0.948
7.345000;0.5956;0.2761;-0.6782;0.944
7.354000;0.5775;0.2976;-0.6748;0.937
7.364000;0.5780;0.3015;-0.6694;0.934
7.376000;0.5902;0.2956;-0.6899;0.955
7.384000;0.5990;0.2927;-0.7080;0.973
7.395000;0.6152;0.2839;-0.7129;0.983
7.402000;0.6078;0.2741;-0.7359;0.993
7.415000;0.6157;0.2526;-0.7515;1.004
7.423000;0.6049;0.2668;-0.7583;1.006
7.435000;0.6054;0.2433;-0.7593;1.001
7.442000;0.6122;0.2155;-0.7569;0.997
7.456000;0.6240;0.1891;-0.7705;1.009
7.465000;0.6415;0.1730;-0.7652;1.013
7.472000;0.6469;0.1588;-0.7622;1.012
7.485000;0.6396;0.1583;-0.7588;1.005
7.495000;0.6098;0.1598;-0.7427;0.974
7.505000;0.6000;0.1564;-0.7168;0.948
7.514000;0.5917;0.1446;-0.6914;0.921
7.526000;0.6025;0.1368;-0.6855;0.923
7.536000;0.6054;0.1134;-0.7109;0.941
7.545000;0.6113;0.0928;-0.7451;0.968
7.554000;0.6137;0.0943;-0.7603;0.982
7.566000;0.6391;0.0967;-0.7808;1.014
7.577000;0.6391;0.1163;-0.7852;1.019
7.587000;0.6508;0.1055;-0.7876;1.027
7.596000;0.6474;0.0982;-0.7935;1.029
7.607000;0.6601;0.1090;-0.8135;1.053
7.617000;0.6665;0.1212;-0.8087;1.055
7.627000;0.6699;0.1564;-0.8047;1.059
7.635000;0.6679;0.1666;-0.8150;1.067
7.648000;0.6787;0.1539;-0.8077;1.066
7.658000;0.6772;0.1300;-0.8155;1.068
7.668000;0.6797;0.1138;-0.8091;1.063
7.676000;0.6914;0.1212;-0.8096;1.072
7.688000;0.6938;0.1695;-0.7989;1.072
7.699000;0.6845;0.2218;-0.7578;1.045
7.709000;0.6699;0.2306;-0.7432;1.027
7.718000;0.6518;0.2394;-0.7266;1.005
7.728000;0.6225;0.2389;-0.7041;0.970
7.739000;0.6034;0.2497;-0.6801;0.943
7.749000;0.5951;0.2580;-0.6650;0.929
7.759000;0.6200;0.2658;-0.6674;0.949
7.767000;0.6127;0.2907;-0.6845;0.964
7.780000;0.6288;0.2966;-0.6919;0.981
7.790000;0.6513;0.2951;-0.7056;1.005
7.800000;0.6606;0.2976;-0.7173;1.020
7.807000;0.6806;0.2976;-0.7295;1.041
7.818000;0.6679;0.3186;-0.7217;1.034
7.828000;0.6621;0.3152;-0.7227;1.030
7.838000;0.6357;0.3161;-0.7134;1.006
7.847000;0.6264;0.3142;-0.7227;1.007
7.859000;0.6196;0.2961;-0.7075;0.986
7.869000;0.6152;0.2653;-0.7144;0.979
7.879000;0.5981;0.2306;-0.7402;0.979
7.889000;0.5990;0.2106;-0.7696;0.998
7.900000;0.5990;0.2155;-0.7916;1.016
7.910000;0.5966;0.2238;-0.7745;1.003
7.921000;0.6132;0.2243;-0.7730;1.012
7.932000;0.6210;0.2165;-0.7710;1.013
7.939000;0.6293;0.1857;-0.7803;1.020
7.952000;0.6230;0.1837;-0.7847;1.019
7.961000;0.6171;0.1754;-0.7627;0.997
7.972000;0.6083;0.1886;-0.7569;0.989
7.979000;0.6078;0.1730;-0.7715;0.997
7.992000;0.6020;0.1656;-0.7813;1.000
8.002000;0.6176;0.1500;-0.7984;1.020
8.012000;0.6196;0.1422;-0.8101;1.030
8.020000;0.6117;0.1490;-0.7896;1.010
8.031000;0.6088;0.1515;-0.7525;0.980
8.043000;0.6049;0.1402;-0.7368;0.964
8.055000;0.5829;0.1295;-0.7388;0.950
8.064000;0.5687;0.1134;-0.7295;0.932
8.071000;0.5707;0.1065;-0.7300;0.933
8.084000;0.5824;0.1182;-0.7251;0.938
8.095000;0.5854;0.1163;-0.7437;0.954
8.105000;0.6132;0.1007;-0.7613;0.983
8.111000;0.6362;0.0928;-0.7920;1.020
8.124000;0.6586;0.0884;-0.8248;1.059
8.132000;0.6689;0.1099;-0.8321;1.073
8.145000;0.6826;0.1373;-0.8233;1.078
8.154000;0.6953;0.1549;-0.8077;1.077
8.163000;0.6982;0.1686;-0.7896;1.067
8.176000;0.6958;0.1637;-0.7828;1.060
8.186000;0.6938;0.1925;-0.7691;1.054
8.195000;0.6943;0.2389;-0.7476;1.048
8.203000;0.7056;0.2722;-0.7315;1.052
8.212000;0.6909;0.2761;-0.7476;1.055
8.222000;0.6753;0.2712;-0.7666;1.057
8.232000;0.6665;0.2770;-0.7613;1.049
8.242000;0.6679;0.2722;-0.7691;1.054
8.252000;0.6523;0.2565;-0.7730;1.043
8.267000;0.6352;0.2404;-0.7759;1.031
8.276000;0.6303;0.2394;-0.7705;1.024
8.286000;0.6069;0.2438;-0.7539;0.998
8.293000;0.6015;0.2648;-0.7471;0.995
8.303000;0.6220;0.2580;-0.7354;0.997
8.313000;0.6181;0.2531;-0.7187;0.981
8.323000;0.5995;0.2687;-0.7002;0.960
8.333000;0.6220;0.2409;-0.7026;0.969
8.345000;0.5922;0.2419;-0.7036;0.951
8.355000;0.5883;0.2272;-0.7012;0.943
8.364000;0.5898;0.1950;-0.7163;0.948
8.375000;0.5727;0.1647;-0.7178;0.933
8.388000;0.5678;0.1847;-0.6880;0.911
8.395000;0.5727;0.2081;-0.6577;0.897
8.406000;0.5834;0.1906;-0.6582;0.900
8.415000;0.5922;0.1461;-0.6933;0.923
8.425000;0.6059;0.1138;-0.7324;0.957
8.436000;0.6122;0.1182;-0.7466;0.973
8.445000;0.6386;0.1466;-0.7617;1.005
8.459000;0.6513;0.1700;-0.7808;1.031
8.466000;0.6445;0.2042;-0.7803;1.032
8.477000;0.6386;0.2165;-0.7793;1.031
8.486000;0.6303;0.2248;-0.7818;1.029
8.501000;0.6215;0.1969;-0.7950;1.028
8.508000;0.6425;0.1774;-0.8155;1.053
8.517000;0.6425;0.1627;-0.8223;1.056
8.525000;0.6425;0.1573;-0.8306;1.062
8.537000;0.6718;0.1451;-0.8380;1.084
8.546000;0.6567;0.1617;-0.8174;1.061
8.557000;0.6718;0.1588;-0.8170;1.070
8.567000;0.6552;0.1862;-0.7862;1.040
8.577000;0.6674;0.1876;-0.7520;1.023
8.586000;0.6640;0.1779;-0.7354;1.007
8.597000;0.6635;0.1397;-0.7466;1.009
8.606000;0.6538;0.1412;-0.7339;0.993
8.616000;0.6743;0.1236;-0.7486;1.015
8.626000;0.6616;0.1334;-0.7490;1.008
8.638000;0.6572;0.1661;-0.7510;1.012
8.648000;0.6635;0.1666;-0.7432;1.010
8.658000;0.6430;0.1876;-0.7427;1.000
8.667000;0.6249;0.2174;-0.7271;0.983
8.678000;0.6034;0.2169;-0.7041;0.952
8.688000;0.6122;0.1871;-0.7183;0.962
8.698000;0.6288;0.1554;-0.7652;1.003
8.708000;0.6435;0.1529;-0.7793;1.022
8.719000;0.6411;0.1857;-0.7774;1.025
8.728000;0.6415;0.2096;-0.7363;0.999
8.741000;0.6376;0.1989;-0.7144;0.978
8.763000;0.6244;0.1691;-0.7134;0.963
8.769000;0.6210;0.1783;-0.6885;0.944
8.772000;0.6318;0.1847;-0.6987;0.960
8.792000;0.6391;0.1974;-0.6948;0.964
8.804000;0.6323;0.2096;-0.6982;0.965
8.807000;0.6362;0.2023;-0.7109;0.975
8.816000;0.6401;0.2038;-0.6987;0.969
8.828000;0.6484;0.2150;-0.7114;0.986
8.834000;0.6523;0.2116;-0.7197;0.994
8.840000;0.6611;0.2038;-0.7432;1.015
8.852000;0.6523;0.2233;-0.7310;1.005
8.861000;0.6445;0.2296;-0.7041;0.982
8.871000;0.6538;0.2248;-0.6968;0.982
8.881000;0.6474;0.2189;-0.7016;0.979
8.890000;0.6567;0.1759;-0.7290;0.997
8.900000;0.6645;0.1383;-0.7681;1.025
8.914000;0.6655;0.1608;-0.7754;1.034
8.921000;0.6777;0.1896;-0.7720;1.045
8.931000;0.6601;0.2169;-0.7657;1.034
8.940000;0.6640;0.1876;-0.7793;1.041
8.953000;0.6484;0.1788;-0.7661;1.019
8.962000;0.6596;0.1881;-0.7647;1.027
8.973000;0.6601;0.2096;-0.7442;1.017
8.982000;0.6543;0.2355;-0.7173;0.999
8.993000;0.6455;0.2282;-0.7246;0.997
9.004000;0.6464;0.2125;-0.7383;1.004
9.011000;0.6528;0.1974;-0.7525;1.016
9.022000;0.6606;0.1710;-0.7696;1.029
9.032000;0.6645;0.1964;-0.7784;1.042
9.044000;0.6718;0.1989;-0.7886;1.055
9.053000;0.6596;0.2106;-0.7710;1.036
9.062000;0.6562;0.2121;-0.7647;1.030
9.074000;0.6372;0.2345;-0.7295;0.997
9.082000;0.6083;0.2336;-0.6850;0.945
9.093000;0.6015;0.1417;-0.7119;0.943
9.104000;0.6122;0.1168;-0.7603;0.983
9.123000;0.6244;0.1212;-0.7691;0.998
9.126000;0.6191;0.1378;-0.7490;0.981
9.133000;0.6010;0.1798;-0.7075;0.946
9.144000;0.5810;0.1837;-0.6899;0.920
9.154000;0.5707;0.1529;-0.7134;0.926
9.165000;0.5741;0.1446;-0.7383;0.946
9.175000;0.5917;0.1363;-0.7642;0.976
9.184000;0.6196;0.1285;-0.7749;1.000
9.197000;0.6352;0.1647;-0.7642;1.007
9.204000;0.6367;0.2140;-0.7305;0.992
9.217000;0.6401;0.2311;-0.7207;0.991
9.225000;0.6479;0.2277;-0.7315;1.003
9.236000;0.6528;0.2345;-0.7461;1.019
9.245000;0.6733;0.2223;-0.7764;1.051
9.256000;0.6870;0.2189;-0.7759;1.059
9.266000;0.6987;0.2062;-0.7793;1.067
9.277000;0.7036;0.2135;-0.7779;1.070
9.288000;0.6758;0.1979;-0.7617;1.037
9.298000;0.6484;0.2116;-0.7500;1.014
9.305000;0.6586;0.2321;-0.7398;1.017
9.317000;0.6479;0.2453;-0.7100;0.992
9.326000;0.6533;0.1735;-0.7588;1.016
9.336000;0.6352;0.1681;-0.7701;1.012
9.346000;0.6469;0.1681;-0.7749;1.023
9.358000;0.6606;0.2165;-0.7549;1.026
9.367000;0.6298;0.2199;-0.7300;0.989
9.377000;0.6244;0.2409;-0.6929;0.963
9.387000;0.6176;0.2150;-0.6933;0.953
9.397000;0.6401;0.1813;-0.7124;0.975
9.407000;0.6528;0.1676;-0.7227;0.988
9.417000;0.6748;0.1730;-0.7446;1.020
9.427000;0.6704;0.1896;-0.7657;1.035
9.439000;0.6748;0.2086;-0.7500;1.030
9.448000;0.6508;0.2296;-0.7217;0.999
9.462000;0.6489;0.2380;-0.6968;0.981
9.469000;0.6147;0.2345;-0.6777;0.945
9.480000;0.6029;0.1935;-0.6772;0.927
9.489000;0.6025;0.1891;-0.6816;0.929
9.499000;0.6181;0.1984;-0.7036;0.957
9.508000;0.6132;0.2116;-0.7158;0.966
9.519000;0.6328;0.2194;-0.7319;0.992
9.543000;0.6445;0.2306;-0.7554;1.019
9.548000;0.6381;0.2536;-0.7569;1.022
9.553000;0.6406;0.2565;-0.7608;1.027
9.559000;0.6357;0.2384;-0.7520;1.013
9.572000;0.6367;0.2213;-0.7486;1.007
9.580000;0.6474;0.1925;-0.7701;1.024
9.590000;0.6474;0.1906;-0.7642;1.020
9.600000;0.6469;0.1749;-0.7842;1.032
9.610000;0.6567;0.1798;-0.7818;1.037
9.620000;0.6772;0.1754;-0.7999;1.063
9.630000;0.6738;0.1862;-0.7964;1.060
9.641000;0.6596;0.2096;-0.7754;1.039
9.650000;0.6591;0.1915;-0.7525;1.019
9.663000;0.6308;0.1891;-0.7466;0.996
9.673000;0.6288;0.1984;-0.7197;0.976
9.684000;0.6328;0.1984;-0.7207;0.979
9.690000;0.6494;0.1471;-0.7505;1.003
9.702000;0.6577;0.1598;-0.7666;1.023
9.711000;0.6714;0.1466;-0.7891;1.046
9.722000;0.6718;0.2023;-0.7749;1.045
9.732000;0.6547;0.2086;-0.7632;1.027
9.742000;0.6464;0.2248;-0.7168;0.991
9.755000;0.6640;0.2023;-0.7178;0.999
9.762000;0.6469;0.1867;-0.7241;0.989
9.772000;0.6303;0.1974;-0.7256;0.981
9.783000;0.6029;0.2057;-0.7266;0.966
9.792000;0.5722;0.2306;-0.6973;0.931
9.803000;0.5624;0.2453;-0.6831;0.918
9.813000;0.5565;0.2409;-0.6958;0.923
9.824000;0.5683;0.1842;-0.7417;0.952
9.840000;0.5854;0.1300;-0.7823;0.986
9.863000;0.6073;0.1422;-0.7959;1.011
9.879000;0.6117;0.2189;-0.7666;1.005
9.894000;0.6142;0.2546;-0.7319;0.989
9.895000;0.6230;0.2257;-0.7227;0.980
9.899000;0.6459;0.1754;-0.7500;1.005
9.900000;0.6650;0.1490;-0.7901;1.043
9.914000;0.6973;0.1441;-0.8214;1.087
9.919000;0.7119;0.1568;-0.8365;1.110
9.939000;0.7129;0.2042;-0.8174;1.104
9.943000;0.6885;0.2531;-0.7730;1.066
9.947000;0.6714;0.2365;-0.7373;1.025
9.955000;0.6606;0.2223;-0.7144;0.998
9.965000;0.6728;0.1735;-0.7339;1.011
9.975000;0.6611;0.1739;-0.7359;1.004
9.987000;0.6782;0.1686;-0.7446;1.021
9.995000;0.6626;0.2008;-0.7402;1.014
10.005000;0.6611;0.2233;-0.7363;1.014
10.017000;0.6445;0.2419;-0.7222;0.998
10.025000;0.6479;0.2253;-0.7207;0.995
10.040000;0.6513;0.2145;-0.7173;0.992
10.046000;0.6533;0.1930;-0.7359;1.003
10.057000;0.6630;0.1769;-0.7525;1.018
10.068000;0.6591;0.1910;-0.7588;1.023
10.076000;0.6572;0.2257;-0.7383;1.014
10.086000;0.6484;0.2516;-0.7178;0.999
10.097000;0.6240;0.2766;-0.6943;0.974
10.107000;0.6000;0.2780;-0.6943;0.959
10.118000;0.5858;0.2433;-0.6880;0.936
10.132000;0.5805;0.1847;-0.7036;0.931
10.137000;0.5942;0.2062;-0.7065;0.946
10.148000;0.5990;0.1852;-0.7295;0.962
10.158000;0.5990;0.1979;-0.7197;0.957
10.168000;0.5986;0.2018;-0.7231;0.960
10.178000;0.6181;0.2179;-0.7231;0.976
10.188000;0.6117;0.2360;-0.7256;0.978
10.198000;0.6357;0.1925;-0.7578;1.008
10.208000;0.6513;0.1857;-0.7876;1.039
10.219000;0.6797;0.1867;-0.8062;1.071
10.229000;0.6958;0.2018;-0.8077;1.085
10.239000;0.6816;0.2169;-0.8038;1.076
10.655000;0.6738;0.2384;-0.7823;1.060
10.656000;0.6562;0.2101;-0.7681;1.032
10.656000;0.6489;0.2057;-0.7578;1.019
10.656000;0.6367;0.1964;-0.7583;1.009
10.657000;0.6474;0.1876;-0.7031;0.974
10.657000;0.6166;0.1881;-0.6963;0.949
10.659000;0.6132;0.1925;-0.6982;0.949
10.659000;0.6127;0.2292;-0.7031;0.960
10.660000;0.6215;0.2389;-0.6889;0.958
10.660000;0.6191;0.2380;-0.6914;0.958
10.660000;0.6347;0.2301;-0.7241;0.990
10.661000;0.6367;0.2077;-0.7730;1.023
10.661000;0.6186;0.2072;-0.7686;1.008
10.662000;0.6049;0.2365;-0.7427;0.987
10.662000;0.6161;0.2428;-0.7109;0.972
10.663000;0.6259;0.2155;-0.7315;0.987
10.663000;0.6367;0.2091;-0.7383;0.997
10.664000;0.6689;0.1979;-0.7554;1.028
10.664000;0.6855;0.1827;-0.7823;1.056
10.664000;0.6782;0.2287;-0.7749;1.055
10.665000;0.6689;0.2428;-0.7686;1.047
10.665000;0.6415;0.2497;-0.7486;1.017
10.666000;0.6274;0.2394;-0.7510;1.007
10.666000;0.6528;0.2370;-0.7451;1.019
10.666000;0.6474;0.2169;-0.7598;1.022
10.667000;0.6538;0.2140;-0.7725;1.034
10.667000;0.6552;0.1994;-0.7661;1.028
10.668000;0.6420;0.2228;-0.7305;0.998
10.668000;0.6406;0.2140;-0.7246;0.991
10.668000;0.6626;0.1857;-0.7446;1.014
10.669000;0.6626;0.1759;-0.7715;1.032
10.669000;0.6836;0.1764;-0.7745;1.048
10.670000;0.6674;0.2013;-0.7608;1.032
10.670000;0.6357;0.2243;-0.7187;0.985
10.676000;0.6073;0.2160;-0.7046;0.955
10.680000;0.5951;0.2008;-0.6870;0.931
10.685000;0.5868;0.1915;-0.6894;0.925
10.695000;0.5712;0.1827;-0.7002;0.922
10.706000;0.5795;0.1876;-0.7153;0.940
10.717000;0.5790;0.1886;-0.7388;0.957
10.725000;0.5766;0.1720;-0.7740;0.980
10.735000;0.5790;0.1823;-0.7652;0.977
10.746000;0.5854;0.1881;-0.7471;0.968
10.756000;0.5858;0.1945;-0.7187;0.947
11.255000;0.5961;0.1588;-0.7290;0.955
11.256000;0.6132;0.1510;-0.7466;0.978
11.256000;0.6259;0.1480;-0.7637;0.998
11.257000;0.6381;0.1422;-0.7725;1.012
11.257000;0.6503;0.1793;-0.7720;1.025
11.258000;0.6332;0.2458;-0.6811;0.962
11.258000;0.6196;0.2301;-0.6801;0.948
11.258000;0.6435;0.2345;-0.6958;0.976
11.259000;0.6494;0.2052;-0.7495;1.013
11.259000;0.6254;0.2135;-0.7461;0.997
11.259000;0.6372;0.2536;-0.7100;0.987
11.260000;0.6372;0.2624;-0.6875;0.973
11.260000;0.6323;0.2394;-0.6743;0.955
11.261000;0.6415;0.2091;-0.6865;0.963
11.261000;0.6650;0.1906;-0.7192;0.998
11.261000;0.6733;0.1954;-0.7373;1.017
11.262000;0.6630;0.2184;-0.7319;1.011
11.262000;0.6415;0.2619;-0.7095;0.992
11.262000;0.6337;0.2531;-0.6875;0.969
11.263000;0.6288;0.2614;-0.6831;0.965
11.263000;0.6235;0.2336;-0.7036;0.969
11.263000;0.6523;0.1950;-0.7368;1.003
11.264000;0.6894;0.1476;-0.7793;1.051
11.264000;0.6933;0.1476;-0.7813;1.055
11.264000;0.7178;0.1642;-0.7598;1.058
11.265000;0.7192;0.1671;-0.7505;1.053
11.265000;0.7266;0.1788;-0.7437;1.055
11.266000;0.7207;0.1852;-0.7544;1.060
11.266000;0.7163;0.2057;-0.7715;1.073
11.266000;0.6958;0.2399;-0.7500;1.051
11.267000;0.6718;0.2575;-0.7217;1.019
11.267000;0.6674;0.2414;-0.7056;1.001
11.267000;0.6411;0.2301;-0.6987;0.976
11.268000;0.6259;0.2238;-0.6977;0.964
11.268000;0.6015;0.2306;-0.6948;0.947
11.279000;0.6372;0.1979;-0.7065;0.972
11.283000;0.6249;0.2116;-0.7236;0.979
11.284000;0.6455;0.2243;-0.7051;0.982
11.293000;0.6264;0.2345;-0.6865;0.958
11.304000;0.6362;0.1945;-0.6943;0.962
11.316000;0.6430;0.1691;-0.7261;0.984
11.324000;0.6464;0.1925;-0.7339;0.997
11.333000;0.6484;0.2111;-0.7139;0.987
11.345000;0.6557;0.2008;-0.7222;0.996
11.354000;0.6635;0.2101;-0.7354;1.013
11.815000;0.6694;0.2257;-0.7476;1.029
11.815000;0.6699;0.2355;-0.7246;1.015
11.816000;0.6464;0.2409;-0.7275;1.003
11.817000;0.6547;0.2301;-0.7354;1.011
11.817000;0.6547;0.2179;-0.7554;1.023
11.817000;0.6674;0.1300;-0.7637;1.023
11.818000;0.6655;0.1393;-0.7916;1.043
11.818000;0.6533;0.1994;-0.7525;1.016
11.818000;0.6430;0.2077;-0.7451;1.006
11.819000;0.6513;0.2013;-0.7495;1.013
11.819000;0.6635;0.1862;-0.7793;1.040
11.819000;0.6582;0.1959;-0.7745;1.035
11.820000;0.6733;0.1871;-0.7828;1.049
11.820000;0.6484;0.2135;-0.7813;1.038
11.821000;0.6445;0.2292;-0.7603;1.023
11.821000;0.6459;0.2209;-0.7495;1.014
11.821000;0.6567;0.1974;-0.7661;1.028
11.822000;0.6826;0.1779;-0.7862;1.056
11.823000;0.6772;0.2233;-0.7740;1.052
11.823000;0.6723;0.2340;-0.7466;1.032
11.824000;0.6772;0.2121;-0.7417;1.027
11.824000;0.6875;0.2140;-0.7432;1.035
11.824000;0.7041;0.2150;-0.7481;1.050
11.824000;0.7026;0.2106;-0.7495;1.049
11.825000;0.6904;0.2433;-0.7222;1.028
11.825000;0.6860;0.2643;-0.6929;1.010
11.826000;0.6367;0.2863;-0.6552;0.957
11.826000;0.6254;0.2634;-0.6518;0.941
11.827000;0.6235;0.2301;-0.6376;0.921
11.827000;0.6406;0.2267;-0.6523;0.942
11.827000;0.6303;0.2409;-0.6484;0.936
11.828000;0.6152;0.2409;-0.6572;0.932
11.828000;0.5981;0.2585;-0.6489;0.920
11.829000;0.5956;0.2643;-0.6332;0.909
11.829000;0.6083;0.2458;-0.6284;0.908
11.830000;0.6078;0.1989;-0.6567;0.917
11.831000;0.6445;0.1622;-0.6943;0.961
11.839000;0.6577;0.1642;-0.7363;1.001
11.849000;0.6616;0.1984;-0.7261;1.002
11.859000;0.6630;0.2282;-0.7344;1.015
11.870000;0.6670;0.2678;-0.7354;1.028
11.880000;0.6919;0.2726;-0.7305;1.042
11.890000;0.6919;0.2717;-0.7412;1.050
11.905000;0.7016;0.2609;-0.7544;1.063
11.910000;0.7158;0.2590;-0.7627;1.078
12.297000;0.7197;0.2424;-0.7925;1.098
12.298000;0.7114;0.2472;-0.8008;1.099
12.298000;0.7075;0.2404;-0.8116;1.103
12.299000;0.6919;0.2770;-0.7788;1.078
12.299000;0.6973;0.2336;-0.7617;1.059
12.300000;0.6635;0.1954;-0.7534;1.023
12.300000;0.6367;0.1759;-0.7290;0.984
12.300000;0.6411;0.1612;-0.7046;0.966
12.301000;0.6196;0.1529;-0.6933;0.942
12.301000;0.6113;0.1583;-0.6909;0.936
12.301000;0.6215;0.1270;-0.7315;0.968
12.302000;0.6298;0.1378;-0.7569;0.994
12.302000;0.6274;0.1681;-0.7417;0.986
12.302000;0.6181;0.1852;-0.7104;0.960
12.303000;0.6254;0.1886;-0.7153;0.969
12.303000;0.6200;0.1793;-0.7212;0.968
12.303000;0.6455;0.1612;-0.7657;1.014
12.304000;0.6430;0.1754;-0.7735;1.021
12.304000;0.6484;0.2008;-0.7642;1.022
12.304000;0.6376;0.2257;-0.7305;0.996
12.305000;0.6298;0.2213;-0.7266;0.987
12.305000;0.6411;0.1940;-0.7422;1.000
12.306000;0.6425;0.1783;-0.7676;1.017
12.306000;0.6401;0.2057;-0.7632;1.017
12.306000;0.6342;0.2174;-0.7456;1.003
12.307000;0.6347;0.2111;-0.7388;0.997
12.307000;0.6533;0.1910;-0.7559;1.017
12.307000;0.6870;0.1730;-0.7749;1.050
12.307000;0.6772;0.1959;-0.7696;1.044
12.308000;0.6694;0.2218;-0.7593;1.036
12.308000;0.6445;0.2463;-0.7168;0.995
12.309000;0.6308;0.2419;-0.6821;0.960
12.309000;0.6328;0.2091;-0.6753;0.949
12.309000;0.6235;0.2282;-0.6552;0.933
12.310000;0.6191;0.2306;-0.6435;0.922
12.310000;0.6293;0.1886;-0.6977;0.958
12.310000;0.6069;0.2311;-0.6704;0.933
12.311000;0.6044;0.2380;-0.6753;0.937
12.311000;0.6049;0.2301;-0.6591;0.924
12.316000;0.6025;0.2038;-0.6743;0.927
12.327000;0.6445;0.1808;-0.7075;0.974
12.337000;0.6489;0.1925;-0.7315;0.997
12.347000;0.6567;0.1979;-0.7412;1.010
12.357000;0.6655;0.2277;-0.7324;1.015
12.367000;0.6670;0.2482;-0.7051;1.002
12.377000;0.6792;0.2355;-0.7095;1.010
12.387000;0.6870;0.2389;-0.7261;1.028
12.397000;0.6665;0.2580;-0.7334;1.024
12.408000;0.6904;0.2502;-0.7490;1.049
12.417000;0.6933;0.2272;-0.7906;1.076
12.428000;0.7031;0.2365;-0.8077;1.097
12.438000;0.7031;0.2858;-0.7705;1.082
12.448000;0.7158;0.2731;-0.7647;1.082
12.459000;0.6958;0.2487;-0.7686;1.066
12.469000;0.6582;0.2370;-0.7398;1.018
12.478000;0.6743;0.2209;-0.7036;0.999
12.489000;0.6743;0.2155;-0.6855;0.985
12.499000;0.6552;0.2052;-0.6919;0.975
12.509000;0.6772;0.1783;-0.7339;1.014
12.519000;0.6586;0.1823;-0.7422;1.009
12.531000;0.6459;0.1945;-0.7075;0.978
12.540000;0.6342;0.2047;-0.6875;0.957
12.550000;0.6469;0.2052;-0.6953;0.972
12.562000;0.6420;0.1930;-0.7168;0.981
12.571000;0.6450;0.1608;-0.7398;0.995
12.580000;0.6415;0.1979;-0.7349;0.995
12.591000;0.6332;0.2306;-0.7202;0.986
12.601000;0.6313;0.2399;-0.6948;0.969
12.611000;0.6313;0.2384;-0.6904;0.965
12.621000;0.6459;0.2326;-0.7227;0.997
12.631000;0.6489;0.2590;-0.7363;1.015
12.641000;0.6318;0.2736;-0.7144;0.992
12.651000;0.6469;0.2467;-0.7051;0.988
12.662000;0.6723;0.2101;-0.7486;1.028
12.672000;0.6904;0.1920;-0.7808;1.060
12.682000;0.6992;0.1935;-0.7886;1.072
12.692000;0.7016;0.2404;-0.7500;1.055
12.702000;0.6738;0.2311;-0.7412;1.028
12.712000;0.6386;0.2394;-0.6968;0.975
12.728000;0.6298;0.2209;-0.6997;0.967
12.733000;0.6401;0.2169;-0.7095;0.980
12.743000;0.6372;0.2477;-0.6958;0.975
12.753000;0.6396;0.2169;-0.7227;0.989
12.763000;0.6137;0.2287;-0.7002;0.959
12.777000;0.6264;0.2253;-0.7016;0.967
12.784000;0.6235;0.2106;-0.6865;0.951
12.793000;0.6152;0.1564;-0.6924;0.939
12.804000;0.6503;0.1349;-0.7212;0.980
12.816000;0.6533;0.1510;-0.7183;0.983
12.824000;0.6284;0.1847;-0.7090;0.965
12.834000;0.6328;0.2301;-0.6816;0.958
12.844000;0.6450;0.2433;-0.6885;0.974
12.854000;0.6479;0.2448;-0.7158;0.996
12.864000;0.6518;0.2507;-0.7192;1.002
12.875000;0.6777;0.2165;-0.7647;1.044
12.885000;0.6948;0.2121;-0.7964;1.078
12.895000;0.6997;0.2150;-0.8218;1.101
12.905000;0.6821;0.2331;-0.8199;1.092
12.916000;0.6968;0.2497;-0.7901;1.083
12.925000;0.6801;0.2253;-0.7784;1.058
12.935000;0.6665;0.2062;-0.7652;1.035
12.945000;0.6494;0.2111;-0.7192;0.992
12.959000;0.6406;0.1500;-0.7109;0.969
12.966000;0.6533;0.1407;-0.7329;0.992
12.976000;0.6714;0.1676;-0.7681;1.034
12.986000;0.6660;0.2277;-0.7657;1.040
12.996000;0.6547;0.2345;-0.7412;1.016
13.006000;0.6352;0.2463;-0.7349;1.002
13.016000;0.6606;0.2179;-0.7642;1.033
13.027000;0.6601;0.2121;-0.7564;1.026
13.037000;0.6621;0.1886;-0.7520;1.019
13.048000;0.6455;0.2077;-0.7432;1.006
13.057000;0.6264;0.2404;-0.7202;0.984
13.067000;0.6259;0.2326;-0.6987;0.966
13.077000;0.6186;0.2267;-0.7056;0.965
13.088000;0.6254;0.2585;-0.7256;0.992
13.098000;0.6401;0.2819;-0.7285;1.010
13.108000;0.6264;0.2863;-0.6953;0.979
13.123000;0.6147;0.2795;-0.6894;0.965
13.130000;0.6503;0.2380;-0.7212;1.000
13.146000;0.6738;0.2228;-0.7520;1.034
13.150000;0.6841;0.2614;-0.7544;1.051
13.163000;0.6758;0.2800;-0.7207;1.027
13.171000;0.6435;0.3161;-0.6758;0.985
13.183000;0.6220;0.3112;-0.6445;0.948
13.190000;0.6113;0.3186;-0.6279;0.932
13.204000;0.6191;0.3259;-0.6157;0.932
13.213000;0.6264;0.2922;-0.6415;0.943
13.219000;0.6196;0.2946;-0.6562;0.949
13.229000;0.6108;0.3015;-0.6440;0.937
13.239000;0.6215;0.2707;-0.6528;0.941
13.249000;0.6171;0.2277;-0.6601;0.932
13.261000;0.6469;0.2199;-0.6875;0.969
13.270000;0.6684;0.2526;-0.7002;1.000
13.280000;0.6626;0.2790;-0.6909;0.997
13.293000;0.6621;0.2922;-0.7002;1.007
13.301000;0.6606;0.3713;-0.6792;1.018
13.311000;0.6914;0.3704;-0.7002;1.051
13.321000;0.6997;0.4803;-0.6728;1.083
13.336000;0.7300;0.5072;-0.6782;1.118
13.341000;0.7666;0.4813;-0.7002;1.144
13.353000;0.7398;0.4720;-0.7119;1.130
13.366000;0.7359;0.5218;-0.7007;1.142
13.376000;0.7139;0.5986;-0.6924;1.161
13.386000;0.7647;0.6577;-0.6557;1.203
13.395000;0.7456;0.7222;-0.6596;1.230
13.402000;0.7383;0.7715;-0.6254;1.238
13.412000;0.7398;0.7339;-0.6650;1.236
13.422000;0.7691;0.7148;-0.7060;1.265
13.432000;0.6943;0.7505;-0.6987;1.238
13.442000;0.6650;0.8116;-0.6772;1.249
13.452000;0.6469;0.8507;-0.7231;1.290
13.463000;0.7104;0.9074;-0.6929;1.345
13.473000;0.6870;0.9074;-0.6396;1.305
13.483000;0.5761;0.8639;-0.5516;1.176
13.493000;0.5355;0.7564;-0.5267;1.066
13.503000;0.5580;0.6113;-0.5140;0.974
13.517000;0.4769;0.5873;-0.5038;0.909
13.529000;0.4319;0.5956;-0.4559;0.866
13.534000;0.3826;0.6039;-0.3547;0.798
13.543000;0.3474;0.5849;-0.2790;0.735
13.554000;0.3112;0.5370;-0.2609;0.673
13.564000;0.2941;0.4984;-0.3000;0.652
13.576000;0.3279;0.4251;-0.3669;0.650
13.586000;0.3450;0.3938;-0.4261;0.675
13.597000;0.4827;0.4417;-0.5033;0.825
13.606000;0.6464;0.5228;-0.5834;1.016
13.619000;0.7192;0.6176;-0.6157;1.130
13.628000;0.7661;0.6538;-0.6415;1.194
13.639000;0.7852;0.6450;-0.6337;1.198
13.646000;0.8126;0.6117;-0.6762;1.221
13.659000;0.8067;0.6528;-0.7310;1.269
13.669000;0.7925;0.7407;-0.7456;1.316
13.680000;0.7920;0.8648;-0.7246;1.379
13.689000;0.7686;0.9709;-0.7319;1.438
13.696000;0.6938;0.9841;-0.7691;1.429
13.706000;0.6259;0.9811;-0.7622;1.391
13.718000;0.5976;0.9025;-0.7554;1.320
13.726000;0.5961;0.8438;-0.7192;1.259
13.736000;0.6069;0.8492;-0.6601;1.235
13.746000;0.6254;0.8399;-0.6352;1.225
13.758000;0.6293;0.7920;-0.6093;1.181
13.767000;0.6029;0.7442;-0.5731;1.116
13.777000;0.5961;0.6836;-0.5458;1.059
13.787000;0.5507;0.6235;-0.5228;0.982
13.797000;0.5399;0.5375;-0.4852;0.903
13.807000;0.4314;0.4876;-0.4803;0.809
13.820000;0.3840;0.4476;-0.4881;0.766
13.828000;0.3626;0.5223;-0.4705;0.791
13.837000;0.4705;0.6596;-0.4280;0.916
13.848000;0.6142;0.7554;-0.4222;1.061
13.858000;0.7227;0.7622;-0.4471;1.142
13.868000;0.7617;0.7031;-0.4891;1.146
13.878000;0.7046;0.6630;-0.5213;1.099
13.888000;0.5976;0.6645;-0.5331;1.041
13.898000;0.5443;0.6674;-0.5893;1.044
13.909000;0.4700;0.7026;-0.6347;1.057
13.919000;0.4051;0.8062;-0.6186;1.094
13.929000;0.4300;0.8990;-0.6015;1.164
13.939000;0.4930;0.9328;-0.6117;1.220
13.949000;0.5311;0.9401;-0.6147;1.242
13.959000;0.6015;0.8971;-0.6533;1.262
13.999000;0.6430;0.8766;-0.6728;1.278
14.000000;0.7046;0.8326;-0.6723;1.281
14.000000;0.7075;0.7862;-0.6455;1.239
14.016000;0.7183;0.7427;-0.6200;1.205
14.017000;0.7090;0.7153;-0.6215;1.183
14.020000;0.6557;0.7129;-0.6298;1.155
14.033000;0.6015;0.7119;-0.6523;1.138
14.042000;0.5902;0.7036;-0.6606;1.131
14.051000;0.5771;0.6733;-0.6670;1.110
14.061000;0.5360;0.6425;-0.6435;1.056
14.071000;0.5233;0.6108;-0.6103;1.010
14.081000;0.4999;0.6196;-0.5595;0.973
14.091000;0.4896;0.6626;-0.5174;0.973
14.606000;0.4974;0.6670;-0.5033;0.972
14.606000;0.4974;0.6655;-0.5028;0.971
14.607000;0.5033;0.6640;-0.5194;0.982
14.607000;0.5140;0.6694;-0.5575;1.011
14.607000;0.5223;0.6694;-0.5878;1.033
14.608000;0.5292;0.6635;-0.6171;1.049
14.608000;0.5028;0.6865;-0.6264;1.057
14.609000;0.5551;0.7368;-0.6933;1.154
14.609000;0.5497;0.6772;-0.6821;1.107
14.609000;0.5204;0.6523;-0.6328;1.047
14.610000;0.5013;0.6313;-0.5819;0.994
14.610000;0.4857;0.5893;-0.5668;0.951
14.610000;0.4666;0.5712;-0.5648;0.929
14.611000;0.4564;0.5722;-0.5795;0.934
14.611000;0.4432;0.5585;-0.5888;0.925
14.612000;0.4422;0.5521;-0.5775;0.913
14.612000;0.4661;0.5673;-0.5824;0.937
14.612000;0.4617;0.5673;-0.6469;0.976
14.613000;0.4637;0.5976;-0.6753;1.014
14.613000;0.4588;0.6342;-0.6665;1.028
14.614000;0.4700;0.6303;-0.6630;1.029
14.614000;0.4398;0.6259;-0.6376;0.996
14.614000;0.4525;0.6401;-0.6704;1.031
14.615000;0.4437;0.6391;-0.6567;1.018
14.615000;0.4319;0.6313;-0.6499;1.004
14.616000;0.4226;0.6083;-0.6396;0.979
14.616000;0.4075;0.5888;-0.6626;0.976
14.616000;0.4012;0.5595;-0.6621;0.955
14.617000;0.4055;0.5355;-0.6748;0.952
14.617000;0.4197;0.5243;-0.6357;0.925
14.617000;0.4202;0.5301;-0.5902;0.898
14.618000;0.4016;0.5492;-0.5902;0.901
14.618000;0.4095;0.5526;-0.5995;0.912
14.619000;0.4134;0.5482;-0.6069;0.916
14.619000;0.4173;0.5262;-0.6181;0.913
14.619000;0.4354;0.5052;-0.6259;0.915
14.620000;0.4656;0.4715;-0.6406;0.922
14.620000;0.4813;0.4398;-0.6591;0.927
14.621000;0.5194;0.4134;-0.6758;0.947
14.627000;0.4999;0.4525;-0.6758;0.955
14.638000;0.5394;0.4974;-0.6386;0.973
14.648000;0.5287;0.5414;-0.5976;0.964
14.658000;0.5072;0.5790;-0.5643;0.954
14.668000;0.5082;0.5766;-0.6015;0.976
14.678000;0.4700;0.5824;-0.6704;1.005
14.688000;0.5077;0.5824;-0.6684;1.022
14.698000;0.5243;0.5854;-0.6430;1.015
14.708000;0.5380;0.5829;-0.6078;0.999
15.258000;0.4906;0.5775;-0.6098;0.973
15.259000;0.4373;0.6249;-0.6992;1.035
15.259000;0.4588;0.6718;-0.7148;1.083
15.260000;0.4407;0.7446;-0.6513;1.083
15.261000;0.4090;0.8209;-0.3914;0.997
15.261000;0.4212;0.8668;-0.3958;1.042
15.262000;0.4466;0.8912;-0.4349;1.088
15.262000;0.4417;0.9025;-0.4891;1.117
15.263000;0.4354;0.9142;-0.4314;1.101
15.264000;0.4505;0.9069;-0.3777;1.081
15.264000;0.4422;0.8966;-0.3401;1.056
15.265000;0.4603;0.8702;-0.3542;1.046
15.265000;0.4549;0.8859;-0.3704;1.062
15.266000;0.4217;0.9118;-0.3772;1.073
15.266000;0.3958;0.9616;-0.3840;1.109
15.266000;0.3870;1.0021;-0.3860;1.142
15.267000;0.3880;1.0227;-0.3865;1.160
15.267000;0.3943;1.0100;-0.3474;1.139
15.268000;0.3704;1.0075;-0.3230;1.121
15.268000;0.3411;1.0207;-0.3137;1.121
15.269000;0.3210;1.0442;-0.2775;1.127
15.269000;0.2897;1.0622;-0.2585;1.131
15.269000;0.2433;1.0569;-0.2575;1.115
15.270000;0.2135;1.0305;-0.2692;1.086
15.270000;0.2018;1.0041;-0.2844;1.063
15.271000;0.1979;0.9738;-0.2707;1.030
15.271000;0.1925;0.9337;-0.2634;0.989
15.272000;0.1925;0.9083;-0.2682;0.966
15.272000;0.2052;0.8903;-0.2702;0.953
15.273000;0.2350;0.8927;-0.2707;0.962
15.273000;0.2634;0.8898;-0.2453;0.960
15.273000;0.2736;0.8863;-0.2218;0.954
15.274000;0.2814;0.8790;-0.2003;0.944
15.274000;0.2634;0.8805;-0.2062;0.942
15.275000;0.2384;0.8961;-0.2213;0.953
15.275000;0.2028;0.9132;-0.2448;0.967
15.278000;0.1813;0.9367;-0.2463;0.985
15.286000;0.1910;0.9650;-0.2565;1.017
15.297000;0.1998;0.9982;-0.2634;1.052
15.307000;0.1847;1.0295;-0.2766;1.082
15.317000;0.1920;1.0236;-0.2878;1.081
15.328000;0.1998;0.9943;-0.2844;1.053
15.338000;0.2081;0.9811;-0.2785;1.041
15.348000;0.2067;0.9958;-0.2702;1.052
15.358000;0.2077;1.0085;-0.2526;1.060
19.852000;0.1886;1.0002;-0.2570;1.050
19.853000;0.1637;0.9797;-0.2428;1.023
19.854000;0.1515;0.9670;-0.2526;1.011
19.854000;0.1471;0.9308;-0.2580;0.977
19.855000;0.1471;0.9113;-0.2722;0.962
19.855000;0.1642;0.9171;-0.2702;0.970
19.856000;0.2028;0.4881;0.8668;1.015
19.856000;0.1661;0.4656;0.9259;1.050
19.857000;0.1324;0.4544;0.9352;1.048
19.857000;0.1593;0.4476;0.8604;0.983
19.858000;0.1950;0.5091;0.7740;0.947
19.858000;0.1930;0.6083;0.6611;0.919
19.859000;0.1974;0.4881;0.8898;1.034
19.859000;0.1827;0.4608;0.9758;1.094
19.860000;0.0718;0.5052;0.9025;1.037
19.860000;0.1896;0.4769;0.8473;0.991
19.861000;0.1881;0.4749;0.9376;1.068
19.861000;0.0420;0.5101;0.8394;0.983
19.862000;0.0269;0.3626;0.6694;0.762
19.863000;0.0112;0.4085;0.7100;0.819
19.863000;0.1104;0.4647;0.9220;1.038
19.864000;0.1769;0.5042;0.8981;1.045
19.864000;0.2375;0.4994;0.8648;1.027
19.865000;0.2248;0.4637;0.9313;1.064
19.865000;0.1231;0.4207;0.9992;1.091
19.865000;0.0244;0.4163;1.0554;1.135
19.866000;-0.0064;0.4119;1.0886;1.164
19.867000;0.0498;0.4314;1.0574;1.143
19.868000;0.1324;0.4388;1.0197;1.118
19.869000;0.1534;0.4505;0.9660;1.077
19.869000;0.1202;0.4676;0.8712;0.996
19.870000;0.0464;0.4627;0.7979;0.924
19.870000;0.0049;0.4656;0.8243;0.947
19.871000;0.0249;0.3987;0.8634;0.951
19.871000;-0.0283;0.4266;0.9074;1.003
19.872000;0.0352;0.4339;0.8883;0.989
19.872000;0.0645;0.4354;0.8267;0.937
19.892000;0.0875;0.4349;0.7788;0.896
19.892000;0.0464;0.4559;0.7999;0.922
19.893000;-0.0107;0.4603;0.8722;0.986
19.893000;-0.0542;0.4559;0.9640;1.068
19.919000;-0.0606;0.4451;1.0349;1.128
19.933000;-0.0474;0.4319;1.0447;1.131
19.934000;0.0049;0.4212;1.0471;1.129
19.934000;0.0557;0.4143;1.0280;1.110
19.939000;0.0816;0.4148;1.0090;1.094
19.950000;0.0616;0.4051;1.0178;1.097
19.964000;0.0230;0.4021;0.9958;1.074
20.139000;0.0127;0.3992;0.9499;1.030
20.140000;0.0274;0.4051;0.9357;1.020
20.140000;0.0303;0.4139;0.9386;1.026
20.140000;0.1090;0.3855;0.9025;0.987
20.141000;0.0669;0.4481;0.9137;1.020
20.141000;0.0518;0.4363;0.9430;1.040
20.142000;0.0562;0.4158;0.9543;1.042
20.142000;0.0704;0.4310;0.9147;1.014
20.142000;0.0635;0.4393;0.8888;0.993
20.143000;0.0425;0.4398;0.8956;0.999
20.143000;0.0337;0.4363;0.9083;1.008
20.144000;0.0279;0.4295;0.9005;0.998
20.144000;0.0362;0.4451;0.8834;0.990
20.144000;0.0552;0.4466;0.8800;0.988
20.145000;0.0865;0.4476;0.8736;0.985
20.145000;0.0821;0.4642;0.8536;0.975
20.146000;0.0596;0.4700;0.8634;0.985
20.146000;0.0337;0.4710;0.8961;1.013
20.160000;0.0078;0.4613;0.9205;1.030
20.211000;0.0210;0.4784;0.7842;0.919
20.212000;0.0279;0.4911;0.7378;0.887
20.217000;0.0318;0.4862;0.7373;0.884
20.225000;0.0381;0.4974;0.7515;0.902
20.237000;0.0567;0.5130;0.8116;0.962
20.248000;0.0562;0.5248;0.8155;0.971
20.253000;0.0762;0.5399;0.7319;0.913
20.265000;0.0796;0.5262;0.7622;0.930
20.272000;0.0137;0.4989;0.9254;1.051
20.283000;-0.0156;0.4803;1.0598;1.164
20.295000;-0.0137;0.4608;1.0881;1.182
20.302000;-0.0083;0.4857;0.9924;1.105
20.313000;-0.0142;0.4896;0.8868;1.013
20.323000;0.0088;0.4871;0.8282;0.961
20.336000;0.0044;0.5042;0.7696;0.920
20.399000;0.0191;0.5091;0.7324;0.892
20.400000;0.0298;0.5121;0.7393;0.900
20.400000;0.0435;0.5223;0.7911;0.949
20.401000;0.0352;0.5170;0.8272;0.976
20.401000;0.0518;0.5121;0.8668;1.008
20.401000;0.0479;0.5238;0.8907;1.034
20.405000;0.0259;0.5345;0.8873;1.036
20.417000;-0.0733;0.4427;0.6235;0.768
20.426000;0.1378;0.5668;0.8033;0.993
20.435000;0.1182;0.5893;0.8556;1.046
20.446000;0.0479;0.5130;0.9582;1.088
20.456000;-0.0386;0.4852;0.8995;1.023
20.466000;-0.0308;0.5067;0.8077;0.954
20.483000;0.0142;0.5306;0.7710;0.936
20.490000;0.0264;0.5297;0.7617;0.928
20.534000;-0.0049;0.5262;0.7451;0.912
20.535000;-0.1300;0.5521;0.7158;0.913
20.535000;-0.1783;0.5673;0.7065;0.923
20.536000;-0.0581;0.5194;0.8663;1.012
20.538000;0.0391;0.5033;1.0442;1.160
20.548000;0.0107;0.4959;1.0867;1.195
20.557000;0.0689;0.4554;1.0241;1.123
20.567000;-0.0176;0.4837;0.9201;1.040
20.578000;-0.0733;0.5008;0.7573;0.911
20.588000;-0.0029;0.4549;0.6538;0.796
20.599000;0.0880;0.4393;0.6977;0.829
20.608000;0.0474;0.4935;0.6181;0.792
20.624000;-0.0840;0.4481;1.2240;1.306
20.669000;-0.1920;0.4417;1.1531;1.250
20.670000;-0.2013;0.5018;1.0862;1.213
20.671000;0.0210;0.5482;1.1575;1.281
20.671000;0.0831;0.5741;1.1282;1.269
20.671000;-0.0137;0.5472;0.9953;1.136
20.682000;-0.1402;0.5150;0.0845;0.540
20.690000;-0.1793;0.4906;0.1368;0.540
20.699000;-0.1485;0.5331;0.3733;0.668
20.711000;-0.0391;0.5326;0.5678;0.779
20.719000;0.0396;0.5301;0.7823;0.946
20.732000;0.0899;0.4901;1.0823;1.191
20.740000;0.0254;0.4857;1.3583;1.443
20.755000;-0.0401;0.4813;1.4522;1.530
20.827000;-0.1094;0.5428;1.1258;1.255
20.828000;-0.1867;0.5453;0.8932;1.063
20.829000;-0.1798;0.5863;0.8003;1.008
20.829000;-0.1226;0.5873;0.8018;1.001
20.830000;-0.0557;0.5546;0.8174;0.989
20.830000;-0.0269;0.5355;0.8028;0.965
20.830000;-0.0366;0.5433;0.8033;0.970
20.832000;-0.0943;0.5873;0.8150;1.009
20.842000;-0.1637;0.6171;0.8385;1.054
20.852000;-0.1857;0.6362;0.8600;1.086
20.863000;-0.1422;0.6220;0.8609;1.072
20.873000;-0.0708;0.5922;0.8570;1.044
20.883000;-0.0337;0.5663;0.8502;1.022
20.892000;-0.0415;0.5678;0.8272;1.004
20.904000;-0.0704;0.5858;0.8062;0.999
20.959000;-0.0875;0.5990;0.7950;0.999
20.962000;-0.1090;0.6078;0.7745;0.991
20.962000;-0.1065;0.6093;0.7715;0.989
20.963000;-0.1119;0.6166;0.7583;0.984
20.963000;-0.1051;0.6117;0.7427;0.968
20.964000;-0.1046;0.6171;0.7490;0.976
20.975000;-0.0972;0.6108;0.7720;0.989
20.984000;-0.0865;0.6010;0.7969;1.002
20.993000;-0.0933;0.6108;0.8218;1.028
21.003000;-0.1007;0.5946;0.8389;1.033
21.023000;-0.1114;0.5986;0.8331;1.032
21.078000;-0.1007;0.6020;0.8341;1.034
21.079000;-0.1168;0.6181;0.8253;1.038
21.080000;-0.1217;0.6191;0.8043;1.022
21.080000;-0.1202;0.6205;0.7959;1.016
21.080000;-0.1070;0.6113;0.7784;0.995
21.081000;-0.1055;0.6161;0.7652;0.988
21.085000;-0.1114;0.6186;0.7642;0.989
21.096000;-0.1314;0.6259;0.7749;1.005
21.105000;-0.1309;0.6103;0.8003;1.015
21.115000;-0.1300;0.6113;0.8311;1.040
21.125000;-0.1222;0.6210;0.8389;1.051
21.137000;-0.1104;0.6274;0.8292;1.046
21.146000;-0.1114;0.6298;0.8096;1.032
21.155000;-0.1099;0.6210;0.7657;0.992
21.171000;-0.1212;0.6142;0.7417;0.971
21.178000;-0.1246;0.6142;0.7412;0.971
21.245000;-0.1129;0.6200;0.7617;0.989
21.247000;-0.0923;0.6122;0.8047;1.015
21.247000;-0.1036;0.6083;0.8473;1.048
21.248000;-0.1124;0.6059;0.8394;1.041
21.248000;-0.1393;0.6113;0.8267;1.038
21.249000;-0.1402;0.6127;0.8277;1.039
21.250000;-0.1510;0.6274;0.8302;1.051
21.258000;-0.1647;0.6352;0.8150;1.046
21.268000;-0.1534;0.6308;0.7857;1.019
21.277000;-0.1388;0.6191;0.7671;0.995
21.288000;-0.1261;0.6157;0.7525;0.980
21.305000;-0.1124;0.6103;0.7686;0.988
21.363000;-0.0972;0.6127;0.8194;1.028
21.364000;-0.0982;0.6244;0.9372;1.130
21.364000;-0.0792;0.6108;0.9723;1.151
21.364000;-0.2555;0.5795;0.3977;0.748
21.365000;-0.2614;0.7124;0.4036;0.859
21.365000;-0.2384;0.6000;0.7388;0.981
21.369000;-0.2316;0.6059;0.8722;1.087
21.379000;-0.2062;0.6748;0.9772;1.205
21.389000;-0.1779;0.6880;0.9992;1.226
21.399000;-0.1710;0.6674;1.0139;1.226
21.409000;-0.1906;0.6547;0.9313;1.154
21.420000;-0.1769;0.6264;0.6489;0.919
21.430000;-0.2824;0.5951;0.4290;0.786
21.440000;-0.2580;0.5990;0.4603;0.798
21.495000;-0.1720;0.5951;0.5932;0.858
21.495000;-0.1104;0.6025;0.7222;0.947
21.496000;-0.0792;0.5995;0.8614;1.052
21.496000;-0.0821;0.5922;0.9587;1.130
21.497000;-0.0977;0.5785;1.0090;1.167
